<PAMDataset>
  <PAMRasterBand band="1">
    <NoDataValue>0.00000000000000E+00</NoDataValue>
    <Metadata domain="IMAGE_STRUCTURE">
      <MDI key="COMPRESSION">JPEG2000</MDI>
    </Metadata>
  </PAMRasterBand>
  <PAMRasterBand band="2">
    <NoDataValue>0.00000000000000E+00</NoDataValue>
    <Metadata domain="IMAGE_STRUCTURE">
      <MDI key="COMPRESSION">JPEG2000</MDI>
    </Metadata>
  </PAMRasterBand>
  <PAMRasterBand band="3">
    <NoDataValue>0.00000000000000E+00</NoDataValue>
    <Metadata domain="IMAGE_STRUCTURE">
      <MDI key="COMPRESSION">JPEG2000</MDI>
    </Metadata>
  </PAMRasterBand>
</PAMDataset>
