{
  "path" : "tiles/47/P/QS/2021/2/5/0",
  "timestamp" : "2021-02-05T03:54:07.894Z",
  "utmZone" : 47,
  "latitudeBand" : "P",
  "gridSquare" : "QS",
  "datastrip" : {
    "id" : "S2A_OPER_MSI_L2A_DS_EPAE_20210205T071719_S20210205T034427_N02.14",
    "path" : "products/2021/2/5/S2A_MSIL2A_20210205T033931_N0214_R061_T47PQS_20210205T071719/datastrip/0"
  },
  "tileGeometry" : {
    "type" : "Polygon",
    "crs" : {
      "type" : "name",
      "properties" : {
        "name" : "urn:ogc:def:crs:EPSG:8.8.1:32647"
      }
    },
    "coordinates" : [ [ [ 699960.0, 1700040.0 ], [ 809760.0, 1700040.0 ], [ 809760.0, 1590240.0 ], [ 699960.0, 1590240.0 ], [ 699960.0, 1700040.0 ] ] ]
  },
  "tileDataGeometry" : {
    "type" : "Polygon",
    "crs" : {
      "type" : "name",
      "properties" : {
        "name" : "urn:ogc:def:crs:EPSG:8.8.1:32647"
      }
    },
    "coordinates" : [ [ [ 699961.0, 1700039.0 ], [ 809759.0, 1700039.0 ], [ 809759.0, 1590241.0 ], [ 699961.0, 1590241.0 ], [ 699961.0, 1700039.0 ] ] ]
  },
  "tileOrigin" : {
    "type" : "Point",
    "crs" : {
      "type" : "name",
      "properties" : {
        "name" : "urn:ogc:def:crs:EPSG:8.8.1:32647"
      }
    },
    "coordinates" : [ 699960.0, 1700040.0 ]
  },
  "dataCoveragePercentage" : 100.0,
  "cloudyPixelPercentage" : 0.0,
  "productName" : "S2A_MSIL2A_20210205T033931_N0214_R061_T47PQS_20210205T071719",
  "productPath" : "products/2021/2/5/S2A_MSIL2A_20210205T033931_N0214_R061_T47PQS_20210205T071719"
}